{
	"file_name": "113_29_105.png",
	"width": 1920,
	"height": 1080,
	"video_file_name": "bb_1_000101_vehicle_29_113",
	"sequence_frame_number": 105,
	"objects": [
		{
			"bbox": [
				337,
				263,
				69,
				68
			],
			"category": "traffic-sign",
			"isObjectA": false,
			"isObjectB": false,
			"isObjectOthers": false
		},
		{
			"bbox": [
				638,
				435,
				52,
				64
			],
			"category": "vehicle",
			"isObjectA": false,
			"isObjectB": false,
			"isObjectOthers": false
		},
		{
			"bbox": [
				852,
				427,
				351,
				272
			],
			"category": "vehicle",
			"isObjectA": true,
			"isObjectB": false,
			"isObjectOthers": false
		}
	]
}